"id","created_date","modified_date","completed_date","inspector","task_id","i_photo_helpful","i_ai_helpful","i_3d_helpful","f_app_helpful","violation","valid_prediction","reason","id-2","created_date-2","modified_date-2","completed_date-2","gid","img_created_timestamp","inspector-2","drivingid","status","review","lat","lng","tract","blockgroup","score","type","address","owner","img","imgs"
40,"2022-02-07 16:15:22.777501+00","2022-02-07 16:15:22.777532+00","2022-02-07 22:23:06.175472+00",9,46,False,NULL,NULL,False,False,"i","Photo did not show violation, though a trailer was parked in the grass on the west side of the house behind the chain link fence. Already working it.",46.0,"2022-02-04 03:20:16.048886+00","2022-02-04 03:20:16.048886+00",NULL,32295.0,"2022-01-30 21:55:23.830004+00",0,2281585,"c","i",35.22058699,-97.45973009,2009.0,2.0,0,"Off Street Parking                                ","1212 SALSBURY ST","No Owner Listed","cam1-1643579723826.jpg        ","[""cam1-1643579723826.jpg"", ""cam1-1643579722890.jpg"", ""cam1-1643579724276.jpg""]"
42,"2022-02-07 16:16:47.438186+00","2022-02-07 16:16:47.43821+00","2022-02-07 22:28:33.482276+00",9,48,True,NULL,NULL,True,False,"i","No trash visible so it does not show a violation in photo.",48.0,"2022-02-04 03:20:16.201339+00","2022-02-04 03:20:16.201339+00",NULL,31219.0,"2022-01-30 22:10:18.597369+00",0,2288269,"c","i",35.228239,-97.4595645,2009.0,2.0,0,"Impr Trash Disp.                                  ","814 N BERRY RD","No Owner Listed","cam2-1643580618593.jpg        ","[""cam1-1643582088400.jpg"", ""cam2-1643580618593.jpg"", ""cam2-1643582773219.jpg"", ""cam2-1643580615748.jpg"", ""cam2-1643580615748.jpg"", ""cam2-1643580618593.jpg"", ""cam1-1643582088400.jpg"", ""cam1-1643582082777.jpg"", ""cam1-1643582082777.jpg"", ""cam2-1643582773219.jpg""]"
43,"2022-02-07 16:44:36.777206+00","2022-02-07 16:44:36.777232+00","2022-02-07 22:46:47.312381+00",10,50,False,NULL,NULL,False,True,"v","Photo did not show the surface the boat is parked on. However,  I am already working this violation proactively and know for sure it is in violation. ",50.0,"2022-02-04 03:20:16.353415+00","2022-02-04 03:20:16.353415+00",NULL,32292.0,"2022-01-30 21:55:20.118115+00",0,2284264,"c","v",35.22061505,-97.45926675,2009.0,2.0,0,"Off Street Parking                                ","1202 SALSBURY ST","No Owner Listed","cam1-1643579720115.jpg        ","[""cam1-1643579720991.jpg"", ""cam1-1643579720115.jpg"", ""cam1-1643579712582.jpg""]"
41,"2022-02-07 16:15:49.016153+00","2022-02-07 16:15:49.016178+00","2022-02-08 04:02:11.77258+00",9,47,True,NULL,NULL,True,True,"v","There was no violation present at time of inspection. They obviously cleaned it up between photo time and today. ",47.0,"2022-02-04 03:20:16.125439+00","2022-02-04 03:20:16.125439+00",NULL,12445.0,"2022-01-30 22:01:15.683981+00",0,2286385,"c","v",35.22274975,-97.46148027,2009.0,2.0,10,"Health                                            ","1323 KANSAS ST","No Owner Listed","cam2-1643580075679.jpg        ","[""cam2-1644175961087.jpg"", ""cam2-1644175960440.jpg"", ""cam2-1644175959563.jpg"", ""cam2-1643580076330.jpg"", ""cam2-1643580075679.jpg"", ""cam2-1643580074584.jpg""]"
44,"2022-02-07 16:58:54.92422+00","2022-02-07 16:58:54.924246+00","2022-02-08 04:09:05.035932+00",10,60,True,NULL,NULL,False,True,"v","It was worked as a nuisance violation for open storage rather than as a health violation as it did not really meet the criteria for a health violation.",60.0,"2022-02-04 03:22:22.713514+00","2022-02-04 03:22:22.713514+00",NULL,12232.0,"2022-01-30 22:07:03.924419+00",0,2291590,"c","v",35.22451025,-97.46221284,2009.0,2.0,10,"Health                                            ","1237 IOWA ST","No Owner Listed","cam2-1643580423920.jpg        ","[""cam2-1643580423011.jpg"", ""cam2-1643580424811.jpg"", ""cam1-1644176685443.jpg"", ""cam1-1644176685443.jpg"", ""cam2-1643580423920.jpg"", ""cam1-1644176686341.jpg"", ""cam1-1644176687214.jpg"", ""cam1-1644176687214.jpg"", ""cam1-1644176686341.jpg""]"
45,"2022-02-07 16:59:54.159974+00","2022-02-07 16:59:54.159999+00","2022-02-08 04:11:08.061472+00",10,66,False,NULL,NULL,False,False,"i","There was an inoperable vehicle, but it was not shown in the photo. Corner lot and driveway is on south side of house, view shown is the west side of house. ",66.0,"2022-02-05 12:15:17.671099+00","2022-02-05 12:15:17.671099+00",NULL,12650.0,"2022-01-30 15:49:07.686201+00",0,2280170,"c","i",35.220815,-97.463451,2009.0,4.0,0,"Inoperable Vehicle                                ","233 FOREMAN AVE","No Owner Listed","cam2-1643579347680.jpg        ","[""cam2-1643579347680.jpg"", ""cam2-1643579325085.jpg"", ""cam2-1643579349046.jpg""]"
46,"2022-02-07 17:01:08.492092+00","2022-02-07 17:01:08.492116+00","2022-02-08 04:14:20.693913+00",10,67,False,NULL,NULL,False,False,"i","Debris not visible in photo. If photo zoom were present, then likely. Also, yes debris on property line, thus present on two properties,  2303 & 2221, next door to the east. ",67.0,"2022-02-05 12:15:17.709616+00","2022-02-05 12:15:17.709616+00",NULL,12146.0,"2022-01-30 15:28:44.442858+00",0,2271761,"c","i",35.22550075,-97.47496288,2009.0,4.0,0,"Health                                            ","2303 DAKOTA ST","No Owner Listed","cam1-1643578124438.jpg        ","[""cam2-1643578070435.jpg"", ""cam1-1643578125325.jpg"", ""cam1-1643578124438.jpg"", ""cam1-1643578123999.jpg"", ""cam2-1643578240376.jpg""]"
47,"2022-02-08 17:27:03.96659+00","2022-02-08 17:27:03.966614+00","2022-02-08 23:28:32.575107+00",10,68,True,NULL,NULL,True,True,"v","Already working this one for this violation. ",68.0,"2022-02-08 12:15:25.318728+00","2022-02-08 12:15:25.318728+00",NULL,12548.0,"2022-02-06 13:16:37.733168+00",0,2320060,"c","v",35.22196289,-97.46805875,2009.0,4.0,0,"Health                                            ","401 N MERCEDES DR","No Owner Listed","cam1-1644174997729.jpg        ","[""cam2-1644174972695.jpg"", ""cam2-1644174975231.jpg"", ""cam1-1644175190360.jpg"", ""cam1-1644174997729.jpg"", ""cam1-1644174996077.jpg""]"
48,"2022-02-08 17:27:32.641756+00","2022-02-08 17:27:32.641805+00","2022-02-08 23:32:13.541064+00",10,69,True,NULL,NULL,False,True,"v","Needs zoom capability. It is at the far west (left) of photo. This is on both properties, 2221 & 2203. Tree is on 2221, but spilled over onto 2203, which was on yesterday's list from you. ",69.0,"2022-02-08 12:15:25.356912+00","2022-02-08 12:15:25.356912+00",NULL,12145.0,"2022-02-06 13:00:05.630476+00",0,2312949,"c","v",35.22552415,-97.47476629,2009.0,4.0,0,"Health                                            ","2221 DAKOTA ST","No Owner Listed","cam2-1644174005626.jpg        ","[""cam2-1644174005626.jpg"", ""cam2-1644174004521.jpg"", ""cam2-1644174007159.jpg"", ""cam1-1644174060911.jpg"", ""cam1-1644174452770.jpg""]"
49,"2022-02-09 15:18:17.975608+00","2022-02-09 15:18:17.975643+00","2022-02-09 21:21:39.016294+00",10,70,False,NULL,NULL,False,False,"i","This is a church and was a polling place for yesterday's election. The county posts polling signs in ROW at election precincts. The photo does not show a sign anywhere, so photo not helpful for screening. ",70.0,"2022-02-09 12:15:33.501164+00","2022-02-09 12:15:33.501164+00",NULL,31632.0,"2022-02-06 13:45:29.62829+00",0,2332896,"c","i",35.22466333,-97.45948525,2009.0,2.0,0,"Signs in ROW                                      ","1201 IOWA ST","No Owner Listed","cam1-1644176729624.jpg        ","[""cam1-1644176751405.jpg"", ""cam1-1644176729624.jpg"", ""cam1-1644176727829.jpg"", ""cam2-1644179663628.jpg"", ""cam2-1644179666294.jpg""]"
51,"2022-02-11 17:02:13.545201+00","2022-02-11 17:02:13.545227+00","2022-02-11 23:06:34.057619+00",10,72,False,NULL,NULL,False,True,"v","I am working this for boxes beside house, left of car in 1st photo, not shown in photo. Last photo of trees had branches on ground under trees when inspected,  but can't see in photo. ",72.0,"2022-02-11 12:15:26.230679+00","2022-02-11 12:15:26.230679+00",NULL,12716.0,"2022-02-06 13:13:49.349835+00",0,2318610,"c","v",35.22016309,-97.46858569,2009.0,4.0,0,"Impr Trash Disp.                                  ","1801 LOGAN DR","No Owner Listed","cam1-1644174829346.jpg        ","[""cam1-1644174901330.jpg"", ""cam1-1644174954793.jpg"", ""cam1-1644174829346.jpg""]"
52,"2022-02-11 17:10:29.99465+00","2022-02-11 17:10:29.994678+00","2022-02-11 23:11:03.534658+00",10,73,True,NULL,NULL,True,True,"v","",73.0,"2022-02-11 12:15:26.269376+00","2022-02-11 12:15:26.269376+00",NULL,12679.0,"2022-02-06 13:14:14.279192+00",0,2318941,"c","v",35.22056023,-97.46893476,2009.0,4.0,0,"Impr Trash Disp.                                  ","1808 CRESTMONT ST","No Owner Listed","cam1-1644174854275.jpg        ","[""cam1-1644174855604.jpg"", ""cam1-1644174856946.jpg"", ""cam1-1644174854275.jpg""]"
53,"2022-02-11 17:12:31.62768+00","2022-02-11 17:12:31.627707+00","2022-02-11 23:14:55.741858+00",10,74,True,NULL,NULL,True,True,"i","Behind trash cans is a trailer piled high with wooden pallets. Vision didn't ID it beyond the trash bins. Working this already. ",74.0,"2022-02-11 12:15:26.307389+00","2022-02-11 12:15:26.307389+00",NULL,12619.0,"2022-02-06 13:14:23.687259+00",0,2319141,"c","i",35.22106908,-97.46976192,2009.0,4.0,0,"Off Street Parking                                ","1901 CRESTMONT ST","No Owner Listed","cam2-1644174863683.jpg        ","[""cam2-1644174869053.jpg"", ""cam2-1644174866848.jpg"", ""cam2-1644174863683.jpg""]"
54,"2022-02-11 17:17:55.910984+00","2022-02-11 17:17:55.91101+00","2022-02-11 23:25:03.888362+00",10,75,False,NULL,NULL,False,True,"v","The violation was behind the small brick wall on left. Observed driving west to east. Can't see from direct front. Not shown in photo. ",75.0,"2022-02-11 12:15:26.345383+00","2022-02-11 12:15:26.345383+00",NULL,12250.0,"2022-02-06 13:41:25.65382+00",0,2331150,"c","v",35.224532,-97.46636,2009.0,1.0,0,"Impr Trash Disp.                                  ","1629 IOWA ST","No Owner Listed","cam2-1644176485650.jpg        ","[""cam2-1644176485650.jpg"", ""cam2-1644176486336.jpg"", ""cam1-1644176646782.jpg"", ""cam1-1644176645642.jpg"", ""cam2-1644176486997.jpg""]"
55,"2022-02-11 17:26:04.847914+00","2022-02-11 17:26:04.847942+00","2022-02-11 23:28:29.034942+00",10,76,False,NULL,NULL,False,True,"v","I do not believe it was present when photo taken or it would be visible in photo. It is right in front of house near curb. ",76.0,"2022-02-11 12:15:26.38346+00","2022-02-11 12:15:26.38346+00",NULL,12318.0,"2022-02-06 13:41:39.705454+00",0,2331215,"c","v",35.22412402,-97.46816842,2009.0,4.0,0,"Impr Trash Disp.                                  ","1806 IOWA ST","No Owner Listed","cam1-1644176499700.jpg        ","[""cam2-1644176542401.jpg"", ""cam2-1644176539733.jpg"", ""cam1-1644176501461.jpg"", ""cam1-1644176499700.jpg"", ""cam1-1644176500774.jpg""]"
57,"2022-02-11 20:47:32.677702+00","2022-02-11 20:47:32.677733+00","2022-02-12 02:48:49.96568+00",9,49,False,NULL,NULL,False,True,"i","The inoperable cars were in back and not visible in photo.",49.0,"2022-02-04 03:20:16.275602+00","2022-02-04 03:20:16.275602+00",NULL,11046.0,"2022-01-30 22:04:40.328614+00",0,2285415,"c","i",35.22526261,-97.45048025,2004.0,2.0,0,"Inoperable Vehicle                                ","407 DAKOTA ST","No Owner Listed","cam2-1643580280324.jpg        ","[""cam2-1643580280324.jpg"", ""cam2-1643583144930.jpg"", ""cam2-1643580279658.jpg""]"
58,"2022-02-11 20:51:08.323827+00","2022-02-11 20:51:08.323861+00","2022-02-12 02:53:27.208427+00",9,51,False,NULL,NULL,False,False,"i","There was not a car in grass at time photo was taken. I saw a car on grass last week during snowy weather, but have not caught a car on grass this week.",51.0,"2022-02-04 03:22:21.846095+00","2022-02-04 03:22:21.846095+00",NULL,11414.0,"2022-01-30 21:57:40.385515+00",0,2283633,"c","i",35.22231816,-97.45492107,2004.0,2.0,0,"Off Street Parking                                ","705 KANSAS ST","No Owner Listed","cam1-1643579860380.jpg        ","[""cam1-1643584196655.jpg"", ""cam1-1643579859417.jpg"", ""cam1-1643579860380.jpg""]"
59,"2022-02-11 20:53:44.781288+00","2022-02-11 20:53:44.781316+00","2022-02-12 02:54:18.109562+00",9,52,True,NULL,NULL,True,True,"v","We were already working this proactively. ",52.0,"2022-02-04 03:22:21.946201+00","2022-02-04 03:22:21.946201+00",NULL,11008.0,"2022-01-30 22:51:28.773574+00",0,2298578,"c","v",35.22583283,-97.45169504,2004.0,1.0,0,"Impr Trash Disp.                                  ","501 W ACRES ST","No Owner Listed","cam1-1643583088770.jpg        ","[""cam1-1643583087133.jpg"", ""cam1-1643583088770.jpg"", ""cam1-1643583095828.jpg"", ""cam2-1643583127128.jpg"", ""cam2-1643583133048.jpg""]"
56,"2022-02-11 20:47:21.347404+00","2022-02-11 20:47:21.347431+00","2022-02-12 02:54:51.907146+00",9,56,True,NULL,NULL,True,True,"v","This is already being worked proactively. ",56.0,"2022-02-04 03:22:22.344513+00","2022-02-04 03:22:22.344513+00",NULL,11348.0,"2022-01-30 23:10:14.603392+00",0,2307079,"c","v",35.22291009,-97.45406125,2004.0,2.0,0,"Inoperable Vehicle                                ","626 NEBRASKA ST","No Owner Listed","cam2-1643584214599.jpg        ","[""cam1-1643579995531.jpg"", ""cam2-1643584215500.jpg"", ""cam2-1643584214599.jpg"", ""cam2-1643584214375.jpg"", ""cam1-1643579996832.jpg""]"
60,"2022-02-11 20:56:06.151955+00","2022-02-11 20:56:06.151981+00","2022-02-12 02:57:16.064979+00",9,53,False,NULL,NULL,NULL,False,"i","Unable to see a parking  violation in the photos. ",53.0,"2022-02-04 03:22:22.045963+00","2022-02-04 03:22:22.045963+00",NULL,10923.0,"2022-01-30 22:47:03.190502+00",0,2299229,"c","i",35.22689915,-97.45648429,2004.0,1.0,0,"Off Street Parking                                ","806 W HUGHBERT ST","No Owner Listed","cam2-1643582823186.jpg        ","[""cam2-1643582822092.jpg"", ""cam2-1643582823186.jpg"", ""cam2-1643582823617.jpg""]"
62,"2022-02-11 20:58:06.308901+00","2022-02-11 20:58:06.308929+00","2022-02-12 02:58:56.633877+00",9,55,False,NULL,NULL,False,False,"i","They are parking on gravel drive and do not see any cars on grass.",55.0,"2022-02-04 03:22:22.254046+00","2022-02-04 03:22:22.254046+00",NULL,11466.0,"2022-01-30 22:59:31.924691+00",0,2302858,"c","i",35.2216693,-97.4532666,2004.0,2.0,0,"Off Street Parking                                ","414 N FLOOD AVE","No Owner Listed","cam2-1643583571921.jpg        ","[""cam2-1643583572371.jpg"", ""cam2-1643583571481.jpg"", ""cam2-1643583571921.jpg""]"
64,"2022-02-11 21:00:30.823143+00","2022-02-11 21:00:30.823178+00","2022-02-12 03:02:39.531093+00",9,59,False,NULL,NULL,False,False,"i","No health violation in front. They have limbs and a refrigerator in back but it was not visible in photos, and is already being worked proactively. ",59.0,"2022-02-04 03:22:22.623017+00","2022-02-04 03:22:22.623017+00",NULL,11345.0,"2022-01-30 21:59:53.535527+00",0,2283892,"c","i",35.22291925,-97.45369992,2004.0,2.0,0,"Health                                            ","612 NEBRASKA ST","No Owner Listed","cam1-1643579993531.jpg        ","[""cam2-1643584217917.jpg"", ""cam1-1643579993965.jpg"", ""cam2-1643584217041.jpg"", ""cam1-1643579993531.jpg"", ""cam1-1643579992862.jpg""]"
63,"2022-02-11 20:59:52.838878+00","2022-02-11 20:59:52.838905+00","2022-02-12 03:03:40.554301+00",9,71,False,NULL,NULL,False,False,"i","Photos do not show a violation. 2 photos are of side of car parked in street.",71.0,"2022-02-10 12:15:26.534192+00","2022-02-10 12:15:26.534192+00",NULL,11107.0,"2022-02-06 13:47:55.358355+00",0,2333852,"c","i",35.22489325,-97.45107643,2004.0,2.0,0,"Impr Trash Disp.                                  ","422 DAKOTA ST","No Owner Listed","cam1-1644176875352.jpg        ","[""cam2-1644179972592.jpg"", ""cam1-1644176876952.jpg"", ""cam1-1644176876302.jpg"", ""cam1-1644176875352.jpg"", ""cam2-1644179970633.jpg""]"
66,"2022-02-11 21:04:25.645239+00","2022-02-11 21:04:25.645267+00","2022-02-12 03:06:08.604596+00",9,57,False,NULL,NULL,False,True,"i","They do have a nuisance violation here that we are working proactively,  but photos in app do not show that area on property. ",57.0,"2022-02-04 03:22:22.436836+00","2022-02-04 03:22:22.436836+00",NULL,11178.0,"2022-01-30 22:03:33.616786+00",0,2286856,"c","i",35.224358,-97.454751,2004.0,2.0,0,"Nuisance                                          ","701 IOWA ST","No Owner Listed","cam1-1643580213612.jpg        ","[""cam1-1643580214529.jpg"", ""cam1-1643580213612.jpg"", ""cam1-1643580213382.jpg""]"
61,"2022-02-11 20:57:31.089997+00","2022-02-11 20:57:31.090024+00","2022-02-12 03:08:30.424186+00",9,54,True,NULL,NULL,True,True,"v","I saw a car on grass last week in snow while working proactively but was holding off on enforcement until snow was gone. I haven't been able to see a car on grass this week but your app photo made it helpful to pursue contacting tenant about violation. ",54.0,"2022-02-04 03:22:22.14699+00","2022-02-04 03:22:22.14699+00",NULL,31034.0,"2022-01-30 22:45:20.731839+00",0,2300858,"c","v",35.23045918,-97.45819085,2004.0,1.0,0,"Off Street Parking                                ","1334 REGENT ST","No Owner Listed","cam1-1643582720728.jpg        ","[""cam1-1643582720728.jpg"", ""cam1-1643582720292.jpg"", ""cam1-1643582721384.jpg""]"
65,"2022-02-11 21:03:59.112852+00","2022-02-11 21:03:59.112877+00","2022-02-12 03:10:18.324389+00",9,58,True,NULL,NULL,NULL,True,"v","This is a violation but they have a bulk pickup scheduled with Sanitation for this weekend. I saw this proactively recently and checked bulk pickup list to find this out.",58.0,"2022-02-04 03:22:22.532242+00","2022-02-04 03:22:22.532242+00",NULL,10851.0,"2022-01-30 22:44:33.871622+00",0,2295923,"c","v",35.22773675,-97.45585414,2004.0,1.0,0,"Health                                            ","714 DENISON DR","No Owner Listed","cam1-1643582673868.jpg        ","[""cam1-1643582673868.jpg"", ""cam1-1643582673868.jpg"", ""cam1-1643582808454.jpg"", ""cam1-1643582808454.jpg"", ""cam1-1643582673200.jpg"", ""cam1-1643582673200.jpg""]"
67,"2022-02-11 21:04:35.145112+00","2022-02-11 21:04:35.145138+00","2022-02-12 03:11:18.219199+00",9,64,False,NULL,NULL,False,False,"i","This is a licensing case and is already being worked. They do not have any nuisance type violations to observe.",64.0,"2022-02-04 18:56:01.821935+00","2022-02-04 18:56:01.821935+00",NULL,11324.0,"2022-01-30 22:00:29.78304+00",0,2285752,"c","i",35.22293221,-97.4574268,2004.0,2.0,0,"Short-Term Rentals                                ","870 NEBRASKA ST","No Owner Listed","cam1-1643580029778.jpg        ","[""cam1-1643580030220.jpg"", ""cam1-1643580029778.jpg"", ""cam1-1643580029341.jpg""]"
68,"2022-02-11 21:04:51.124672+00","2022-02-11 21:04:51.124698+00","2022-02-15 03:41:23.038339+00",9,65,False,NULL,NULL,False,False,"i","Nothing in photo to reveal a health violation.",65.0,"2022-02-05 12:15:17.628925+00","2022-02-05 12:15:17.628925+00",NULL,11410.0,"2022-01-30 15:57:32.069702+00",0,2283727,"c","i",35.22232212,-97.45559863,2004.0,2.0,0,"Health                                            ","723 KANSAS ST","No Owner Listed","cam1-1643579852066.jpg        ","[""cam1-1643579852066.jpg"", ""cam1-1643579851393.jpg"", ""cam1-1643579852733.jpg""]"
69,"2022-02-15 15:55:24.917821+00","2022-02-15 15:55:24.917856+00","2022-02-15 21:59:26.198881+00",10,77,True,NULL,NULL,True,True,"v","Photo shows the limbs. ",77.0,"2022-02-15 13:32:24.043043+00","2022-02-15 13:32:24.043043+00",NULL,12690.0,"2022-02-13 11:14:27.709724+00",0,2372735,"c","v",35.22047164,-97.46741139,2009.0,4.0,0,"Impr Trash Disp.                                  ","216 N SHERRY AVE","No Owner Listed","cam1-1644772467705.jpg        ","[""cam1-1644772467705.jpg"",""cam1-1644772550212.jpg"", ""cam1-1644772551597.jpg""]"
70,"2022-02-15 15:57:18.654215+00","2022-02-15 15:57:18.654242+00","2022-02-15 22:01:04.948035+00",10,78,True,NULL,NULL,True,True,"v","The first and second to last photo booth only show a portion of the limbs. Hard to see if you don't already know what's there. ",78.0,"2022-02-15 13:32:24.091079+00","2022-02-15 13:32:24.091079+00",NULL,32390.0,"2022-02-13 11:14:43.785015+00",0,2372845,"c","v",35.2198615,-97.466454,2009.0,4.0,0,"Impr Trash Disp.                                  ","140 N WESTCHESTER AVE","No Owner Listed","cam2-1644772483781.jpg        ","[""cam2-1644772483781.jpg"", ""cam2-1644772486735.jpg"", ""cam1-1644772511798.jpg"", ""cam1-1644772514580.jpg""]"
71,"2022-02-15 15:58:25.236808+00","2022-02-15 15:58:25.236836+00","2022-02-15 22:04:42.555416+00",10,79,True,NULL,NULL,True,True,"v","Limbs not really seen very well. Might not see it if you don't know what's there. ",79.0,"2022-02-15 13:32:24.131185+00","2022-02-15 13:32:24.131185+00",NULL,12393.0,"2022-02-13 11:16:34.187739+00",0,2373588,"c","v",35.22327809,-97.46702828,2009.0,4.0,0,"Impr Trash Disp.                                  ","411 N SHERRY AVE","No Owner Listed","cam2-1644772594184.jpg        ","[""cam2-1644772594184.jpg"", ""cam2-1644772597530.jpg"", ""cam1-1644772678692.jpg"", ""cam1-1644772681405.jpg""]"
72,"2022-02-18 15:33:52.069715+00","2022-02-18 15:33:52.069751+00","2022-02-18 21:39:16.319406+00",9,80,True,NULL,NULL,True,True,"v","We proactively observed this junj at curb but the very next day the items were removed. ",80.0,"2022-02-15 13:32:24.170177+00","2022-02-15 13:32:24.170177+00",NULL,11194.0,"2022-02-13 11:40:41.820041+00",0,2383551,"c","v",35.22430294,-97.45419025,2004.0,2.0,0,"Health                                            ","625 IOWA ST","No Owner Listed","cam1-1644774041815.jpg        ","[ ""cam1-1644774041815.jpg"", ""cam1-1644774043226.jpg"", ""cam1-1644774173955.jpg"", ""cam1-1644774176468.jpg""]"
73,"2022-02-18 15:34:19.403254+00","2022-02-18 15:34:19.403293+00","2022-02-18 21:40:22.39514+00",9,81,True,NULL,NULL,True,True,"v","We are proactively working limbs in backyard here and your photo accurately captured this violation.",81.0,"2022-02-16 12:15:19.111018+00","2022-02-16 12:15:19.111018+00",NULL,11390.0,"2022-02-13 11:30:52.842257+00",0,2379673,"c","v",35.222319,-97.4522265,2004.0,2.0,0,"Health                                            ","507 KANSAS ST","No Owner Listed","cam1-1644773452838.jpg        ","[""cam1-1644773452838.jpg"", ""cam1-1644773453961.jpg"", ""cam1-1644773527020.jpg"", ""cam1-1644773528146.jpg"", ""cam1-1644773528369.jpg"", ""cam1-1644773529264.jpg""]"
74,"2022-02-18 15:35:48.71887+00","2022-02-18 15:35:48.718917+00","2022-02-18 21:41:38.394364+00",9,82,False,NULL,NULL,False,True,"i","I am proactively working limbs in backyard but your photos did not accurately capture the violation.",82.0,"2022-02-16 12:15:19.150236+00","2022-02-16 12:15:19.150236+00",NULL,11388.0,"2022-02-13 11:30:54.196535+00",0,2379682,"c","i",35.22231656,-97.45206925,2004.0,2.0,0,"Health                                            ","505 KANSAS ST","No Owner Listed","cam1-1644773454192.jpg        ","[""cam1-1644773454192.jpg"", ""cam1-1644773455299.jpg"", ""cam1-1644773526800.jpg""]"
75,"2022-02-18 15:36:11.490712+00","2022-02-18 15:36:11.490767+00","2022-02-18 21:44:42.901298+00",9,83,False,NULL,NULL,False,False,"i","I am proactively working limbs in back but your photos were not super clear. They have dormant trees and growth in the fence line and it is harder to see into backyard so taking photo from a higher spot would likely show more of the issue. ",83.0,"2022-02-16 12:15:19.188203+00","2022-02-16 12:15:19.188203+00",NULL,11385.0,"2022-02-13 11:30:55.533832+00",0,2379699,"c","i",35.2223095,-97.451902,2004.0,2.0,0,"Health                                            ","503 KANSAS ST","No Owner Listed","cam1-1644773455529.jpg        ","[""cam1-1644773455529.jpg"", ""cam1-1644773456441.jpg"", ""cam1-1644773520665.jpg"", ""cam1-1644773524088.jpg"", ""cam2-1644777746049.jpg"", ""cam2-1644777751376.jpg""]"
76,"2022-02-18 15:36:30.34013+00","2022-02-18 15:36:30.340161+00","2022-02-18 21:46:03.608146+00",9,84,False,NULL,NULL,False,True,"i","They have junk and toilet and debris in back. Your photos aren't clear on what all they have in backyard.  ",84.0,"2022-02-16 12:15:19.226419+00","2022-02-16 12:15:19.226419+00",NULL,11335.0,"2022-02-13 11:32:09.720655+00",0,2380197,"c","i",35.22288483,-97.45238567,2004.0,2.0,10,"Health                                            ","520 NEBRASKA ST","No Owner Listed","cam2-1644773529717.jpg        ","[""cam2-1644773529717.jpg"", ""cam2-1644773531275.jpg"", ""cam2-1644773531496.jpg"", ""cam2-1644773739609.jpg"", ""cam2-1644773740926.jpg""]"
80,"2022-02-21 15:28:31.57056+00","2022-02-21 15:28:31.570595+00","2022-02-21 21:51:11.558488+00",10,107,False,NULL,NULL,True,False,"i","Trees and shrubs are not violations. ",107.0,"2022-02-21 04:05:10.516357+00","2022-02-21 04:05:10.516357+00",NULL,11905.0,"2022-02-20 17:40:51.637154+00",0,2444810,"c","i",35.22760792,-97.46421489,2009.0,1.0,0,"Proactive","1517 CANTERBURY ST","No Owner Listed","cam1-1645378851633.jpg        ","[""cam1-1645378851633.jpg"", ""cam1-1645378852505.jpg"", ""cam1-1645378853814.jpg""]"
82,"2022-02-21 15:33:26.542858+00","2022-02-21 15:33:26.542881+00","2022-02-21 21:52:36.337657+00",10,109,False,NULL,NULL,True,False,"i","Trees and shrubs are not violations. ",109.0,"2022-02-21 04:05:10.595857+00","2022-02-21 04:05:10.595857+00",NULL,12037.0,"2022-02-20 16:33:45.172102+00",0,2416389,"c","i",35.22630999,-97.47512612,2009.0,4.0,10,"Proactive","2305 MORGAN DR","No Owner Listed","cam1-1645374825167.jpg        ","[""cam1-1645374825167.jpg"", ""cam1-1645374827702.jpg""]"
83,"2022-02-21 15:35:04.582689+00","2022-02-21 15:35:04.582713+00","2022-02-21 21:53:27.836033+00",10,111,False,NULL,NULL,False,False,"i","Did not see a violation. ",111.0,"2022-02-21 04:05:10.676126+00","2022-02-21 04:05:10.676126+00",NULL,12083.0,"2022-02-20 17:32:24.991609+00",0,2441505,"c","i",35.225425,-97.4607125,2009.0,2.0,10,"Proactive","1219 DAKOTA ST","No Owner Listed","cam1-1645378344987.jpg        ","[""cam1-1645378344987.jpg"", ""cam1-1645378346074.jpg""]"
77,"2022-02-18 15:37:45.45474+00","2022-02-18 15:37:45.454768+00","2022-03-01 20:11:56.737398+00",9,85,False,NULL,NULL,True,False,"i","  No violation observed",85.0,"2022-02-16 12:15:19.264498+00","2022-02-16 12:15:19.264498+00",NULL,11342.0,"2022-02-13 11:32:32.580258+00",0,2380324,"c","i",35.22290526,-97.45336137,2004.0,2.0,0,"Health                                            ","604 NEBRASKA ST","No Owner Listed","cam2-1644773552576.jpg        ","[""cam2-1644773552576.jpg"", ""cam2-1644773553020.jpg"", ""cam2-1644773728242.jpg"", ""cam2-1644773729802.jpg"", ""cam2-1644777936678.jpg"", ""cam2-1644777939385.jpg""]"
78,"2022-02-18 15:38:02.172434+00","2022-02-18 15:38:02.17247+00","2022-03-01 20:15:20.300805+00",9,86,False,NULL,NULL,True,False,"i","Not a fence violation",86.0,"2022-02-16 12:15:19.302418+00","2022-02-16 12:15:19.302418+00",NULL,11346.0,"2022-02-13 11:32:42.51343+00",0,2380383,"c","i",35.22291229,-97.45385677,2004.0,2.0,0,"Health                                            ","620 NEBRASKA ST","No Owner Listed","cam2-1644773562509.jpg        ","[""cam2-1644773562509.jpg"", ""cam2-1644773565576.jpg"", ""cam2-1644773723001.jpg"", ""cam2-1644773724509.jpg""]"
79,"2022-02-21 15:25:51.370643+00","2022-02-21 15:25:51.370671+00","2022-02-21 21:50:05.610121+00",10,105,False,NULL,NULL,True,False,"i","Trees and shrubs are not violations.  Only tall weeds/grass. ",105.0,"2022-02-21 04:05:10.436425+00","2022-02-21 04:05:10.436425+00",NULL,11786.0,"2022-02-20 17:41:28.311039+00",0,2445095,"c","i",35.22917098,-97.46190066,2009.0,2.0,0,"Proactive","903 WOODS AVE","No Owner Listed","cam1-1645378888306.jpg        ","[""cam1-1645378888306.jpg"", ""cam1-1645378890961.jpg"", ""cam1-1645378893386.jpg"", ""cam2-1645379736422.jpg"", ""cam2-1645379738626.jpg"", ""cam1-1645379773532.jpg"", ""cam1-1645379777241.jpg""]"
81,"2022-02-21 15:31:08.203374+00","2022-02-21 15:31:08.203401+00","2022-02-21 21:52:07.768774+00",10,108,False,NULL,NULL,True,False,"i","Appears to be utility work. ",108.0,"2022-02-21 04:05:10.55636+00","2022-02-21 04:05:10.55636+00",NULL,12021.0,"2022-02-20 17:39:46.058595+00",0,2444328,"c","i",35.22633548,-97.46670419,2009.0,1.0,0,"Proactive","1705 DENISON DR","No Owner Listed","cam2-1645378786055.jpg        ","[""cam2-1645378786055.jpg"", ""cam2-1645378786701.jpg"", ""cam2-1645378788246.jpg""]"
84,"2022-02-21 15:37:44.216706+00","2022-02-21 15:37:44.216732+00","2022-02-21 21:54:04.926005+00",10,113,False,NULL,NULL,False,False,"i","Did not see a violation. ",113.0,"2022-02-21 04:05:10.756081+00","2022-02-21 04:05:10.756081+00",NULL,12221.0,"2022-02-20 16:36:49.832556+00",0,2417725,"c","i",35.22475236,-97.4747282,2009.0,4.0,0,"Proactive","2227 IOWA ST","No Owner Listed","cam2-1645375009828.jpg        ","[""cam2-1645375009828.jpg"", ""cam2-1645375010932.jpg"", ""cam2-1645375015047.jpg"", ""cam2-1645375015271.jpg"", ""cam2-1645375016161.jpg"", ""cam2-1645375415043.jpg""]"
85,"2022-02-21 15:41:18.357986+00","2022-02-21 15:41:18.358015+00","2022-02-21 21:55:03.194444+00",10,116,True,NULL,NULL,False,False,"v","No violations observed. ",116.0,"2022-02-21 04:05:10.874106+00","2022-02-21 04:05:10.874106+00",NULL,12427.0,"2022-02-20 17:16:12.831989+00",0,2435080,"c","v",35.22306524,-97.46321418,2009.0,4.0,10,"Proactive","414 BARBOUR AVE","No Owner Listed","cam1-1645377372826.jpg        ","[""cam1-1645377372826.jpg"", ""cam1-1645377374834.jpg"", ""cam2-1645378196591.jpg""]"
86,"2022-02-21 15:42:10.272095+00","2022-02-21 15:42:10.27212+00","2022-02-21 21:56:15.740701+00",10,117,True,NULL,NULL,True,False,"i","A lawnmower in the yard is not a violation.  Several maybe,  but not one. ",117.0,"2022-02-21 04:05:10.913883+00","2022-02-21 04:05:10.913883+00",NULL,12442.0,"2022-02-20 17:08:53.32148+00",0,2432020,"c","i",35.22276507,-97.46104859,2009.0,2.0,0,"Proactive","1313 KANSAS ST","No Owner Listed","cam1-1645376933316.jpg        ","[""cam1-1645376933316.jpg"", ""cam1-1645376934180.jpg"", ""cam2-1645377344990.jpg"", ""cam2-1645377346075.jpg"", ""cam2-1645377347168.jpg""]"
87,"2022-02-21 15:45:27.111421+00","2022-02-21 15:45:27.111501+00","2022-02-21 21:57:27.089563+00",10,119,False,NULL,NULL,True,False,"v","Trash in the street is not on private property,  thus not enforceable. ",119.0,"2022-02-21 04:05:10.994877+00","2022-02-21 04:05:10.994877+00",NULL,12655.0,"2022-02-20 16:39:59.105996+00",0,2419122,"c","v",35.2208089,-97.47228261,2009.0,4.0,0,"Proactive","228 MERKLE DR","No Owner Listed","cam2-1645375199102.jpg        ","[""cam2-1645375199102.jpg"", ""cam2-1645375199987.jpg"", ""cam2-1645375202506.jpg"", ""cam1-1645375302894.jpg"", ""cam1-1645375307636.jpg"", ""cam1-1645375307875.jpg"", ""cam1-1645375313825.jpg"", ""cam1-1645375314743.jpg"", ""cam2-1645375677922.jpg"", ""cam2-1645375686409.jpg""]"
88,"2022-02-21 15:45:56.719455+00","2022-02-21 15:45:56.71949+00","2022-02-21 21:59:01.077596+00",10,120,True,NULL,NULL,True,False,"v","A defined area with native grasses is allowed as long as it is kept free of trash and doesn't extend out into the street or sidewalk. ",120.0,"2022-02-21 04:05:11.034141+00","2022-02-21 04:05:11.034141+00",NULL,31906.0,"2022-02-20 17:09:04.984883+00",0,2432125,"c","v",35.22274438,-97.45973662,2009.0,2.0,0,"Proactive","1213 KANSAS ST","No Owner Listed","cam1-1645376944981.jpg        ","[""cam1-1645376944981.jpg"", ""cam1-1645376946715.jpg"", ""cam2-1645377331425.jpg"", ""cam2-1645377333342.jpg""]"
89,"2022-02-21 15:46:57.041213+00","2022-02-21 15:46:57.041241+00","2022-02-21 21:59:30.27274+00",10,121,True,NULL,NULL,False,False,"v","No violation observed. ",121.0,"2022-02-21 04:05:11.073864+00","2022-02-21 04:05:11.073864+00",NULL,32071.0,"2022-02-20 16:42:30.657123+00",0,2420134,"c","v",35.22197964,-97.47544933,2009.0,4.0,0,"Proactive","300 ROSEWOOD DR","No Owner Listed","cam2-1645375350652.jpg        ","[""cam2-1645375350652.jpg"", ""cam2-1645375359548.jpg"", ""cam1-1645375359773.jpg"", ""cam1-1645375375857.jpg"", ""cam1-1645375378038.jpg"", ""cam1-1645375378255.jpg"", ""cam1-1645375380866.jpg"", ""cam1-1645375582352.jpg""]"
90,"2022-02-21 15:47:40.956304+00","2022-02-21 15:47:40.95633+00","2022-02-21 22:01:33.772526+00",10,122,True,NULL,NULL,True,False,"v","Another defined area of native grasses,  which is allowed. ",122.0,"2022-02-21 04:05:11.114315+00","2022-02-21 04:05:11.114315+00",NULL,32788.0,"2022-02-20 16:57:08.138258+00",0,2426728,"c","v",35.219034,-97.464973,2009.0,4.0,0,"Proactive","121 CRESTMONT AVE","No Owner Listed","cam1-1645376228134.jpg        ","[""cam1-1645376228134.jpg"", ""cam1-1645376230148.jpg""]"
91,"2022-02-25 15:22:22.260161+00","2022-02-25 15:22:22.260188+00","2022-02-25 21:23:05.573905+00",10,123,True,NULL,NULL,True,True,"v","Mattresses clearly visible near curb",123.0,"2022-02-22 12:15:14.670751+00","2022-02-22 12:15:14.670751+00",NULL,12300.0,"2022-02-20 17:30:28.695842+00",0,2440633,"c","v",35.2241394,-97.46492538,2009.0,4.0,0,"Impr Trash Disp.                                  ","1516 IOWA ST","No Owner Listed","cam1-1645378228692.jpg        ","[""cam1-1645378228692.jpg"", ""cam1-1645378230019.jpg"", ""cam2-1645379601595.jpg"", ""cam2-1645379603151.jpg""]"
92,"2022-02-25 15:27:40.687061+00","2022-02-25 15:27:40.687095+00","2022-02-25 21:30:20.555135+00",10,112,True,NULL,NULL,True,True,"i","The vision shows trash cans or plastic containers (3 in a row) as a car. It did not identify the trash amongst the vegetative growth near the street. ",112.0,"2022-02-21 04:05:10.716328+00","2022-02-21 04:05:10.716328+00",NULL,12131.0,"2022-02-20 16:35:54.49872+00",0,2417281,"c","i",35.225504,-97.4717125,2009.0,1.0,0,"Proactive","2019 DAKOTA ST","No Owner Listed","cam1-1645374954494.jpg        ","[""cam1-1645374954494.jpg"", ""cam1-1645375464526.jpg"", ""cam1-1645375465629.jpg""]"
93,"2022-02-25 15:34:39.383993+00","2022-02-25 15:34:39.38402+00","2022-02-25 21:37:28.662988+00",10,115,False,NULL,NULL,False,False,"i","The vision listed a broken window,  but could not tell from looking at the photo that there was a broken window. Also,  the vision labels cover each other so you can't read them when text are layered over each other.",115.0,"2022-02-21 04:05:10.834834+00","2022-02-21 04:05:10.834834+00",NULL,12391.0,"2022-02-20 16:58:29.843101+00",0,2427353,"c","i",35.22334483,-97.46754537,2009.0,4.0,0,"Proactive","414 N SHERRY AVE","No Owner Listed","cam1-1645376309840.jpg        ","[""cam1-1645376309840.jpg"", ""cam1-1645376310057.jpg"", ""cam2-1645376389854.jpg"", ""cam2-1645376394310.jpg""]"
94,"2022-02-25 15:52:24.324506+00","2022-02-25 15:52:24.324533+00","2022-02-25 21:55:24.764917+00",10,114,True,NULL,NULL,True,True,"v","This one will claim it all to be art, per the sign saying so in the yard. Though we have an active case,  I'm not sure if it will go anywhere. ",114.0,"2022-02-21 04:05:10.795364+00","2022-02-21 04:05:10.795364+00",NULL,12231.0,"2022-02-20 17:29:20.617631+00",0,2440113,"c","v",35.22450075,-97.46204115,2009.0,2.0,0,"Proactive","1235 IOWA ST","No Owner Listed","cam2-1645378160614.jpg        ","[""cam2-1645378160614.jpg"", ""cam2-1645378162622.jpg""]"
95,"2022-02-25 16:04:56.663148+00","2022-02-25 16:04:56.663177+00","2022-02-25 22:06:38.033487+00",10,101,True,NULL,NULL,True,False,"i","No violations observed. Vision is identifying small trees and bushes as tall grass in the photos of the rear of property. ",101.0,"2022-02-21 04:05:10.276358+00","2022-02-21 04:05:10.276358+00",NULL,11440.0,"2022-02-20 17:10:19.837479+00",0,2432674,"c","i",35.22189647,-97.45389321,2004.0,2.0,0,"Proactive","620 W KANSAS ST","No Owner Listed","cam2-1645377019834.jpg        ","[""cam2-1645377019834.jpg"", ""cam2-1645377020271.jpg"", ""cam2-1645381176113.jpg"", ""cam2-1645381183324.jpg"", ""cam2-1645381184915.jpg"", ""cam1-1645381480243.jpg"", ""cam2-1645381484077.jpg"", ""cam1-1645381487012.jpg"", ""cam1-1645381490749.jpg"", ""cam1-1645381491421.jpg""]"
96,"2022-02-25 16:09:37.824155+00","2022-02-25 16:09:37.824206+00","2022-02-25 22:12:31.362473+00",10,99,True,NULL,NULL,True,False,"v","No violation. The vision identified the violation as tall grass on the property behind it at 503 N University, but identified no violations on this property.",99.0,"2022-02-21 04:05:10.194914+00","2022-02-21 04:05:10.194914+00",NULL,11424.0,"2022-02-20 18:13:10.627678+00",0,2457952,"c","v",35.22210734,-97.44953915,2004.0,2.0,0,"Proactive","400 PARK AVE","No Owner Listed","cam2-1645380790624.jpg        ","[""cam2-1645380790624.jpg"", ""cam2-1645380792394.jpg"", ""cam2-1645380822558.jpg"", ""cam2-1645380824203.jpg""]"
97,"2022-02-25 16:22:48.862394+00","2022-02-25 16:22:48.862439+00","2022-02-25 22:25:19.682968+00",10,93,True,NULL,NULL,True,False,"i","No violations. Vision identified small trees and shrubs at the fence line as tall grass. It identified small signs (political) in row as a car in one photo and as a normal window in another. ",93.0,"2022-02-21 04:05:09.954588+00","2022-02-21 04:05:09.954588+00",NULL,11263.0,"2022-02-20 17:19:18.632161+00",0,2436366,"c","i",35.223779,-97.44948,2004.0,2.0,0,"Proactive","502 PARK AVE","No Owner Listed","cam1-1645377558626.jpg        ","[""cam1-1645377558626.jpg"", ""cam1-1645377559329.jpg"", ""cam1-1645377562540.jpg"", ""cam1-1645377569553.jpg"", ""cam1-1645377570907.jpg"", ""cam2-1645377575314.jpg"", ""cam2-1645377575750.jpg"", ""cam2-1645377578018.jpg"", ""cam2-1645380771632.jpg"", ""cam2-1645380771851.jpg""]"
98,"2022-02-25 16:28:42.499091+00","2022-02-25 16:28:42.499121+00","2022-02-25 22:30:14.644233+00",10,89,True,NULL,NULL,True,False,"i","No violation. Vision identified small trees and bushes as tall grass. ",89.0,"2022-02-21 04:05:09.795872+00","2022-02-21 04:05:09.795872+00",NULL,11115.0,"2022-02-20 17:28:01.616108+00",0,2439582,"c","i",35.22491859,-97.45708442,2004.0,2.0,0,"Proactive","810 DAKOTA ST","No Owner Listed","cam2-1645378081612.jpg        ","[""cam2-1645378081612.jpg"", ""cam2-1645378083957.jpg"", ""cam2-1645378387493.jpg"", ""cam2-1645378389496.jpg""]"
99,"2022-02-25 16:31:50.779727+00","2022-02-25 16:31:50.779768+00","2022-02-25 22:33:16.365445+00",10,87,False,NULL,NULL,False,False,"v","Short term rental is not a violation, but to schedule an inspection for licensing. ",87.0,"2022-02-19 17:19:39.000835+00","2022-02-19 17:19:39.000835+00",NULL,11136.0,"2022-02-13 11:42:44.097036+00",0,2384378,"c","v",35.224887,-97.4535105,2004.0,2.0,0,"Short-Term Rentals                                ","606 DAKOTA ST","No Owner Listed","cam2-1644774164094.jpg        ","[""cam2-1644774164094.jpg"", ""cam2-1644774166075.jpg"", ""cam2-1644774597080.jpg"", ""cam2-1644779596623.jpg""]"
100,"2022-02-25 16:49:26.863666+00","2022-02-25 16:49:26.863692+00","2022-02-25 22:50:51.806065+00",9,88,True,NULL,NULL,True,False,"i","There was not a violation. Vision did not reveal actual tall weeds or any violation.",88.0,"2022-02-21 04:05:09.752062+00","2022-02-21 04:05:09.752062+00",NULL,11107.0,"2022-02-20 17:25:47.309088+00",0,2438770,"c","i",35.22489325,-97.45107643,2004.0,2.0,10,"Proactive","422 DAKOTA ST","No Owner Listed","cam2-1645377947305.jpg        ","[""cam2-1645377947305.jpg"", ""cam2-1645377947536.jpg"", ""cam2-1645377949588.jpg"", ""cam2-1645378458387.jpg"", ""cam2-1645378460160.jpg""]"
101,"2022-02-25 20:10:27.852733+00","2022-02-25 20:10:27.85276+00","2022-02-26 02:11:41.360926+00",10,110,True,NULL,NULL,True,True,"v","Upon physical inspection, the bag of trash is gone, but was there as clearly there is a bare spot in the ice where the bag had been.",110.0,"2022-02-21 04:05:10.63617+00","2022-02-21 04:05:10.63617+00",NULL,12057.0,"2022-02-20 17:39:36.671948+00",0,2444249,"c","v",35.22594525,-97.46563983,2009.0,1.0,0,"Proactive","1614 DENISON DR","No Owner Listed","cam1-1645378776667.jpg        ","[""cam1-1645378776667.jpg"", ""cam1-1645378777533.jpg"", ""cam1-1645378778416.jpg""]"
102,"2022-02-25 20:19:34.934382+00","2022-02-25 20:19:34.934417+00","2022-02-26 02:26:15.603125+00",10,106,True,NULL,NULL,True,True,"v","Though it is a violation, it appears to be an active improvement project, so will not work it as a violation for now. Will enter a case and close it as active construction, then if it comes up later, will work it then.",106.0,"2022-02-21 04:05:10.476578+00","2022-02-21 04:05:10.476578+00",NULL,11900.0,"2022-02-20 17:51:12.244721+00",0,2449272,"c","v",35.22775774,-97.46718321,2009.0,1.0,10,"Proactive","1716 CHARLES ST","No Owner Listed","cam1-1645379472241.jpg        ","[""cam1-1645379472241.jpg"", ""cam1-1645379473103.jpg"", ""cam1-1645379473971.jpg""]"
103,"2022-02-25 20:35:24.069595+00","2022-02-25 20:35:24.069621+00","2022-02-26 02:36:30.397915+00",10,118,True,NULL,NULL,True,False,"v","This is actually a garden of native grasses with clearly marked borders, so not a violation. Verified upon inspection. Will monitor the creep beyond the curb and address it when needed.",118.0,"2022-02-21 04:05:10.955128+00","2022-02-21 04:05:10.955128+00",NULL,12568.0,"2022-02-20 16:51:34.359229+00",0,2424187,"c","v",35.22171388,-97.46993207,2009.0,4.0,0,"Proactive","1904 THORTON ST","No Owner Listed","cam1-1645375894352.jpg        ","[""cam1-1645375894352.jpg"", ""cam1-1645375894595.jpg"", ""cam2-1645376021646.jpg"", ""cam2-1645376023379.jpg""]"
105,"2022-02-25 21:27:54.580018+00","2022-02-25 21:27:54.580051+00","2022-02-26 03:28:55.058461+00",9,92,True,NULL,NULL,True,True,"v","Appears to have parking on grass in backyard and possible dilapidated fence issue.",92.0,"2022-02-21 04:05:09.914876+00","2022-02-21 04:05:09.914876+00",NULL,11179.0,"2022-02-20 17:24:08.16592+00",0,2438115,"c","v",35.2242965,-97.4549105,2004.0,2.0,0,"Proactive","711 IOWA ST","No Owner Listed","cam1-1645377848162.jpg        ","[""cam1-1645377848162.jpg"", ""cam1-1645377849889.jpg"", ""cam1-1645378034692.jpg"", ""cam1-1645378037610.jpg""]"
104,"2022-02-25 21:26:49.505581+00","2022-02-25 21:26:49.505608+00","2022-03-01 20:10:19.555223+00",9,91,False,NULL,NULL,True,False,"i","Clear photo to show no violation ",91.0,"2022-02-21 04:05:09.875302+00","2022-02-21 04:05:09.875302+00",NULL,11152.0,"2022-02-20 17:25:49.818519+00",0,2438793,"c","i",35.2247395,-97.4512905,2004.0,2.0,10,"Proactive","727 N LAHOMA AVE","No Owner Listed","cam2-1645377949814.jpg        ","[""cam2-1645377949814.jpg"", ""cam2-1645377952122.jpg"", ""cam2-1645377956015.jpg"", ""cam1-1645380970129.jpg"", ""cam1-1645380971700.jpg"", ""cam1-1645380972357.jpg""]"
106,"2022-03-01 14:19:13.50421+00","2022-03-01 14:19:13.504238+00",NULL,9,94,True,NULL,NULL,NULL,False,"i","",94.0,"2022-02-21 04:05:09.995869+00","2022-02-21 04:05:09.995869+00",NULL,11269.0,"2022-02-20 17:20:19.094245+00",0,2436650,"ip","i",35.22374773,-97.45176449,2004.0,2.0,0,"Proactive","628 N LAHOMA AVE","No Owner Listed","cam2-1645377619090.jpg        ","[""cam2-1645377619090.jpg"", ""cam2-1645377622900.jpg"", ""cam2-1645377625771.jpg"", ""cam2-1645380986396.jpg"", ""cam2-1645380988129.jpg""]"
107,"2022-03-01 14:19:24.766074+00","2022-03-01 14:19:24.766102+00",NULL,9,90,True,NULL,NULL,NULL,False,"i","",90.0,"2022-02-21 04:05:09.835313+00","2022-02-21 04:05:09.835313+00",NULL,11134.0,"2022-02-20 17:26:35.726828+00",0,2438989,"ip","i",35.22488107,-97.45317875,2004.0,2.0,10,"Proactive","602 DAKOTA ST","No Owner Listed","cam2-1645377995723.jpg        ","[""cam2-1645377995723.jpg"", ""cam2-1645377998953.jpg"", ""cam2-1645378431516.jpg"", ""cam2-1645378434763.jpg"", ""cam2-1645378437168.jpg"", ""cam1-1645381602089.jpg"", ""cam1-1645381605891.jpg""]"
108,"2022-03-01 14:19:57.813431+00","2022-03-01 14:19:57.813459+00",NULL,9,95,True,NULL,NULL,NULL,False,"i","",95.0,"2022-02-21 04:05:10.035266+00","2022-02-21 04:05:10.035266+00",NULL,11334.0,"2022-02-20 17:12:30.426502+00",0,2433462,"ip","i",35.22289531,-97.45213763,2004.0,2.0,10,"Proactive","512 NEBRASKA ST","No Owner Listed","cam2-1645377150421.jpg        ","[""cam2-1645377150421.jpg"", ""cam2-1645377150662.jpg"", ""cam2-1645377156224.jpg"", ""cam2-1645377510928.jpg"", ""cam2-1645377514008.jpg""]"
109,"2022-03-01 14:20:40.766165+00","2022-03-01 14:20:40.766196+00",NULL,9,96,True,NULL,NULL,NULL,False,"i","",96.0,"2022-02-21 04:05:10.075086+00","2022-02-21 04:05:10.075086+00",NULL,11337.0,"2022-02-20 17:12:39.22876+00",0,2433540,"ip","i",35.22290146,-97.45257325,2004.0,2.0,10,"Proactive","522 NEBRASKA ST","No Owner Listed","cam2-1645377159223.jpg        ","[""cam2-1645377159223.jpg"", ""cam2-1645377160846.jpg"", ""cam2-1645377161812.jpg"", ""cam2-1645377506483.jpg"", ""cam2-1645377508717.jpg""]"
110,"2022-03-01 14:21:24.114516+00","2022-03-01 14:21:24.114543+00",NULL,9,97,True,NULL,NULL,NULL,False,"i","",97.0,"2022-02-21 04:05:10.114384+00","2022-02-21 04:05:10.114384+00",NULL,11340.0,"2022-02-20 17:14:13.644701+00",0,2434189,"ip","i",35.22294533,-97.45644161,2004.0,2.0,0,"Proactive","810 NEBRASKA ST","No Owner Listed","cam2-1645377253641.jpg        ","[""cam2-1645377253641.jpg"", ""cam2-1645377253869.jpg"", ""cam2-1645377256902.jpg"", ""cam2-1645377463527.jpg"", ""cam2-1645377465109.jpg"", ""cam2-1645381834159.jpg"", ""cam2-1645381838343.jpg""]"
111,"2022-03-01 14:22:06.878812+00","2022-03-01 14:22:06.878848+00",NULL,9,104,True,NULL,NULL,NULL,False,"i","",104.0,"2022-02-21 04:05:10.396679+00","2022-02-21 04:05:10.396679+00",NULL,11548.0,"2022-02-20 18:20:08.037984+00",0,2460327,"ip","i",35.22072906,-97.45382575,2004.0,2.0,10,"Proactive","308 N BASE AVE","No Owner Listed","cam2-1645381208034.jpg        ","[""cam2-1645381208034.jpg"", ""cam2-1645381210300.jpg"", ""cam2-1645381212408.jpg"", ""cam1-1645381507101.jpg"", ""cam1-1645381510234.jpg""]"
112,"2022-03-01 14:22:40.955396+00","2022-03-01 14:22:40.955426+00",NULL,9,158,True,NULL,NULL,NULL,False,"i","",158.0,"2022-03-01 01:06:14.335165+00","2022-03-01 01:06:14.335165+00",NULL,11108.0,"2022-02-27 18:06:59.704105+00",0,2495669,"ip","i",35.22490394,-97.45090676,2004.0,2.0,10,"Proactive","414 DAKOTA ST","No Owner Listed","cam2-1645985219700.jpg        ","[""cam2-1645985219700.jpg"", ""cam2-1645985223797.jpg"", ""cam2-1645985772374.jpg"", ""cam2-1645985775014.jpg""]"
113,"2022-03-03 15:40:28.190757+00","2022-03-03 15:40:28.190794+00","2022-03-03 21:42:23.557333+00",10,172,True,NULL,NULL,True,False,"i","The ""trash"" identified in the photo was actually snow/ice under the bush in the shade. ",172.0,"2022-03-01 01:06:14.962417+00","2022-03-01 01:06:14.962417+00",NULL,11742.0,"2022-02-27 19:12:46.754414+00",0,2521580,"c","i",35.22986148,-97.46626811,2009.0,1.0,10,"Proactive","1621 CHAUCER DR","No Owner Listed","cam1-1645989166750.jpg        ","[""cam1-1645989166750.jpg"", ""cam1-1645989169483.jpg""]"
114,"2022-03-03 15:45:55.908413+00","2022-03-03 15:45:55.908451+00","2022-03-03 21:47:43.269521+00",10,173,True,NULL,NULL,True,False,"i","Snow/ice marked as trash.  Two planters together with sun shining on the garage door directly behind the planters was identified as a car. ",173.0,"2022-03-01 01:06:15.002556+00","2022-03-01 01:06:15.002556+00",NULL,11786.0,"2022-02-27 19:06:44.487994+00",0,2518920,"c","i",35.22917098,-97.46190066,2009.0,2.0,0,"Proactive","903 WOODS AVE","No Owner Listed","cam1-1645988804484.jpg        ","[""cam1-1645988804484.jpg"", ""cam1-1645988809380.jpg"", ""cam2-1645989351782.jpg"", ""cam2-1645989354095.jpg""]"
115,"2022-03-03 15:53:01.876138+00","2022-03-03 15:53:01.876179+00","2022-03-03 21:54:27.759517+00",10,235,False,NULL,NULL,False,False,"v","I was unable to see the tree limbs that I saw in person.  Vision did not identify any violation. The limbs were still there yesterday afternoon. ",235.0,"2022-03-03 12:15:18.778494+00","2022-03-03 12:15:18.778494+00",NULL,12393.0,"2022-02-27 17:40:22.028821+00",0,2484860,"c","v",35.22327809,-97.46702828,2009.0,4.0,0,"Health                                            ","411 N SHERRY AVE","No Owner Listed","cam2-1645983622024.jpg        ","[""cam2-1645983622024.jpg"", ""cam2-1645983622678.jpg"", ""cam2-1645983625082.jpg"", ""cam1-1645983667168.jpg"", ""cam1-1645983669924.jpg""]"
116,"2022-03-03 15:56:43.756033+00","2022-03-03 15:56:43.756074+00","2022-03-03 21:57:53.255056+00",10,234,False,NULL,NULL,False,True,"v","The violation is behind the little wall on the west side of house behind the trash bin and is not shown in the photo. ",234.0,"2022-03-02 12:15:12.526715+00","2022-03-02 12:15:12.526715+00",NULL,12250.0,"2022-02-27 18:11:33.784368+00",0,2497479,"c","v",35.224532,-97.46636,2009.0,1.0,0,"Health                                            ","1629 IOWA ST","No Owner Listed","cam2-1645985493778.jpg        ","[""cam2-1645985493778.jpg"", ""cam2-1645985494220.jpg"", ""cam2-1645985495748.jpg""]"
117,"2022-03-03 16:00:42.711436+00","2022-03-03 16:00:42.711472+00","2022-03-03 22:01:44.227538+00",10,230,True,NULL,NULL,True,True,"i","Vision did not identify the sofa adjacent to the dumpsters but it could be seen in the photo. ",230.0,"2022-03-01 12:15:12.388578+00","2022-03-01 12:15:12.388578+00",NULL,30635.0,"2022-02-27 18:54:20.403177+00",0,2513417,"c","i",35.23216405,-97.45947128,2009.0,2.0,0,"Health                                            ","1118 N BERRY RD","No Owner Listed","cam1-1645988060396.jpg        ","[""cam1-1645988060396.jpg"", ""cam1-1645988061949.jpg"", ""cam1-1645988064126.jpg""]"
118,"2022-03-03 16:02:39.044877+00","2022-03-03 16:02:39.044921+00","2022-03-03 22:02:51.611357+00",10,229,True,NULL,NULL,True,True,"v","",229.0,"2022-03-01 12:15:12.350101+00","2022-03-01 12:15:12.350101+00",NULL,12232.0,"2022-02-27 18:10:28.36898+00",0,2497014,"c","v",35.22451025,-97.46221284,2009.0,2.0,10,"Health                                            ","1237 IOWA ST","No Owner Listed","cam2-1645985428364.jpg        ","[""cam2-1645985428364.jpg"", ""cam2-1645985430416.jpg""]"
119,"2022-03-03 16:06:52.550098+00","2022-03-03 16:06:52.550124+00","2022-03-03 22:08:05.408295+00",10,185,True,NULL,NULL,True,False,"v","The trash identified by vision was a newspaper in the middle of the street.  One of the photos was of the house across the street. ",185.0,"2022-03-01 01:06:15.515991+00","2022-03-01 01:06:15.515991+00",NULL,31580.0,"2022-02-27 17:20:56.202645+00",0,2476945,"c","v",35.22510456,-97.47621616,2009.0,4.0,10,"Proactive","2324 DAKOTA ST","No Owner Listed","cam1-1645982456199.jpg        ","[""cam1-1645982456199.jpg"", ""cam1-1645982461616.jpg"", ""cam2-1645982462264.jpg"", ""cam2-1645982486632.jpg"", ""cam2-1645982488150.jpg""]"
120,"2022-03-03 16:10:01.777833+00","2022-03-03 16:10:01.777872+00","2022-03-03 22:11:57.237217+00",10,184,True,NULL,NULL,True,False,"v","Newspaper in street identified as trash. We can't do anything about that. Same newspaper as the house next door. Vision did not identify any other violations. ",184.0,"2022-03-01 01:06:15.475537+00","2022-03-01 01:06:15.475537+00",NULL,31579.0,"2022-02-27 17:20:54.013827+00",0,2476924,"c","v",35.22507731,-97.47602422,2009.0,4.0,0,"Proactive","2320 DAKOTA ST","No Owner Listed","cam1-1645982454010.jpg        ","[""cam1-1645982454010.jpg"", ""cam1-1645982455981.jpg"", ""cam2-1645982488369.jpg"", ""cam2-1645982490563.jpg""]"
121,"2022-03-03 16:14:09.679356+00","2022-03-03 16:14:09.679396+00","2022-03-03 22:15:03.216308+00",10,193,True,NULL,NULL,True,False,"i","Snow/ice identified by vision as trash in one photo. ",193.0,"2022-03-01 01:06:15.833152+00","2022-03-01 01:06:15.833152+00",NULL,32927.0,"2022-02-27 17:37:39.410997+00",0,2483683,"c","i",35.2188077,-97.46591027,2009.0,4.0,10,"Proactive","105 CRESTMONT AVE","No Owner Listed","cam2-1645983459407.jpg        ","[""cam2-1645983459407.jpg"", ""cam2-1645983461196.jpg"", ""cam2-1645983464462.jpg"", ""cam1-1645983551485.jpg"", ""cam1-1645983551931.jpg"", ""cam1-1645983556131.jpg""]"
122,"2022-03-03 16:17:22.882482+00","2022-03-03 16:17:22.882525+00","2022-03-03 22:18:57.60857+00",10,192,True,NULL,NULL,True,True,"i","Vision did not identify a violation, but a pile of trees limbs under the tree was obvious in the photo. Vision did not identify the tree limbs on the ground at all. ",192.0,"2022-03-01 01:06:15.792323+00","2022-03-01 01:06:15.792323+00",NULL,32359.0,"2022-02-27 17:24:04.167818+00",0,2477981,"c","i",35.21986527,-97.47278037,2009.0,4.0,0,"Proactive","120 MERKLE DR","No Owner Listed","cam1-1645982644164.jpg        ","[""cam1-1645982644164.jpg"", ""cam1-1645982653749.jpg"", ""cam1-1645982655837.jpg""]"
123,"2022-03-03 16:20:36.158134+00","2022-03-03 16:20:36.158174+00","2022-03-03 22:21:38.067849+00",10,191,True,NULL,NULL,True,False,"i","Native grasses are allowed as long as they are maintained. Political signs were identified as trash. ",191.0,"2022-03-01 01:06:15.752853+00","2022-03-01 01:06:15.752853+00",NULL,31906.0,"2022-02-27 17:51:58.519817+00",0,2489759,"c","i",35.22274438,-97.45973662,2009.0,2.0,20,"Proactive","1213 KANSAS ST","No Owner Listed","cam2-1645984318516.jpg        ","[""cam2-1645984318516.jpg"", ""cam2-1645984320048.jpg""]"
124,"2022-03-03 16:24:55.905493+00","2022-03-03 16:24:55.90553+00","2022-03-03 22:25:34.050662+00",10,174,True,NULL,NULL,True,False,"v","No violations observed and no violations shown in vision. ",174.0,"2022-03-01 01:06:15.044691+00","2022-03-01 01:06:15.044691+00",NULL,12097.0,"2022-02-27 18:13:46.903884+00",0,2498450,"c","v",35.22542507,-97.46221508,2009.0,2.0,10,"Proactive","1237 DAKOTA ST","No Owner Listed","cam1-1645985626900.jpg        ","[""cam1-1645985626900.jpg"", ""cam1-1645985628483.jpg"", ""cam2-1645988373197.jpg"", ""cam2-1645988374535.jpg""]"
125,"2022-03-03 16:27:22.24741+00","2022-03-03 16:27:22.247447+00","2022-03-03 22:29:09.770248+00",10,175,True,NULL,NULL,False,True,"v","One plastic mug in the yard at our near property line.  Unable to determine from photo if it was on property at 1513 or 1511.",175.0,"2022-03-01 01:06:15.086167+00","2022-03-01 01:06:15.086167+00",NULL,12102.0,"2022-02-27 18:13:18.814157+00",0,2498228,"c","v",35.22545641,-97.46459296,2009.0,1.0,0,"Proactive","1513 DAKOTA ST","No Owner Listed","cam1-1645985598810.jpg        ","[""cam1-1645985598810.jpg"", ""cam1-1645985599913.jpg""]"
126,"2022-03-03 16:31:16.150903+00","2022-03-03 16:31:16.150932+00","2022-03-03 22:32:04.828062+00",10,176,True,NULL,NULL,True,True,"i","Clear violation in photos. Vision did not identify it as anything. ",176.0,"2022-03-01 01:06:15.132046+00","2022-03-01 01:06:15.132046+00",NULL,12176.0,"2022-02-27 18:13:47.120912+00",0,2498453,"c","i",35.22506425,-97.46221614,2009.0,2.0,0,"Proactive","1236 DAKOTA ST","No Owner Listed","cam2-1645985627117.jpg        ","[""cam2-1645985627117.jpg"", ""cam2-1645985628721.jpg"", ""cam1-1645988373197.jpg"", ""cam1-1645988374313.jpg""]"
127,"2022-03-03 16:38:04.626362+00","2022-03-03 16:38:04.626392+00","2022-03-03 22:41:32.794156+00",10,177,True,NULL,NULL,True,True,"i","Some tree limbs on ground not identified in vision. Two garbage cans next to each other on their side was identified in one photo as trash and another photo as a car. Tent trailer id'd as house and parked in the grass- not identified. ",177.0,"2022-03-01 01:06:15.18005+00","2022-03-01 01:06:15.18005+00",NULL,12259.0,"2022-02-27 17:40:45.83431+00",0,2485041,"c","i",35.2245535,-97.4675995,2009.0,1.0,0,"Proactive","505 N SHERRY AVE","No Owner Listed","cam2-1645983645830.jpg        ","[""cam2-1645983645830.jpg"", ""cam2-1645983646052.jpg"", ""cam1-1645983646961.jpg"", ""cam2-1645985507458.jpg"", ""cam2-1645985552214.jpg"", ""cam2-1645985556038.jpg"", ""cam1-1645988690802.jpg"", ""cam1-1645988693861.jpg"", ""cam1-1645988694081.jpg"", ""cam1-1645988694301.jpg"", ""cam1-1645988696422.jpg"", ""cam1-1645988700148.jpg"", ""cam2-1645988714804.jpg""]"
128,"2022-03-03 16:42:53.905257+00","2022-03-03 16:42:53.905284+00","2022-03-03 22:43:21.525853+00",10,178,True,NULL,NULL,True,False,"i","Native grasses.  Not a violation. ",178.0,"2022-03-01 01:06:15.224749+00","2022-03-01 01:06:15.224749+00",NULL,12326.0,"2022-02-27 17:22:46.060694+00",0,2477510,"c","i",35.22399566,-97.47169454,2009.0,4.0,0,"Proactive","426 MERKLE DR","No Owner Listed","cam2-1645982566057.jpg        ","[""cam2-1645982566057.jpg"", ""cam2-1645982567822.jpg"", ""cam2-1645982569139.jpg""]"
129,"2022-03-03 16:45:19.392782+00","2022-03-03 16:45:19.392822+00","2022-03-03 22:46:56.858875+00",10,179,True,NULL,NULL,True,False,"i","Newspaper in plastic identified as trash. Snow/ice patch identified as trash. ",179.0,"2022-03-01 01:06:15.269553+00","2022-03-01 01:06:15.269553+00",NULL,12383.0,"2022-02-27 17:50:22.678696+00",0,2489004,"c","i",35.22343435,-97.46336833,2009.0,4.0,0,"Proactive","426 BARBOUR AVE","No Owner Listed","cam1-1645984222675.jpg        ","[""cam1-1645984222675.jpg"", ""cam1-1645984224203.jpg"", ""cam1-1645984224634.jpg"", ""cam2-1645984254899.jpg"", ""cam2-1645984257380.jpg""]"
130,"2022-03-03 16:49:50.06167+00","2022-03-03 16:49:50.061697+00","2022-03-03 22:51:34.966532+00",10,183,True,NULL,NULL,True,True,"i","Vision did not identify a violation but there were clearly some tree limbs on the ground. ",183.0,"2022-03-01 01:06:15.436287+00","2022-03-01 01:06:15.436287+00",NULL,30773.0,"2022-02-27 19:08:30.3425+00",0,2519712,"c","i",35.2319055,-97.465186,2009.0,1.0,0,"Proactive","1536 WOODS CIR","No Owner Listed","cam2-1645988910338.jpg        ","[""cam2-1645988910338.jpg"", ""cam2-1645988910555.jpg"", ""cam2-1645988911020.jpg"", ""cam2-1645988911889.jpg"", ""cam1-1645989517674.jpg"", ""cam1-1645989522337.jpg"", ""cam1-1645989522966.jpg"", ""cam1-1645989524737.jpg"", ""cam1-1645989525612.jpg"", ""cam2-1645989532785.jpg"", ""cam2-1645989535844.jpg""]"
131,"2022-03-03 16:53:00.28501+00","2022-03-03 16:53:00.285051+00","2022-03-03 22:54:05.784469+00",10,180,True,NULL,NULL,True,False,"i","Ice/snow and part of driveway identified as trash. ",180.0,"2022-03-01 01:06:15.312356+00","2022-03-01 01:06:15.312356+00",NULL,12436.0,"2022-02-27 17:31:10.888634+00",0,2481039,"c","i",35.222918,-97.4696165,2009.0,4.0,0,"Proactive","426 BRYARWOOD DR","No Owner Listed","cam2-1645983070884.jpg        ","[""cam2-1645983070884.jpg"", ""cam2-1645983071786.jpg"", ""cam2-1645983150167.jpg""]"
132,"2022-03-03 16:57:09.875322+00","2022-03-03 16:57:09.875356+00","2022-03-03 22:57:57.13835+00",10,181,True,NULL,NULL,True,False,"i","Snow/ice marked as trash. ",181.0,"2022-03-01 01:06:15.351537+00","2022-03-01 01:06:15.351537+00",NULL,12536.0,"2022-02-27 17:29:03.058357+00",0,2480108,"c","i",35.22207632,-97.47366006,2009.0,4.0,0,"Proactive","325 ROYAL OAK DR","No Owner Listed","cam2-1645982943053.jpg        ","[""cam2-1645982943053.jpg"", ""cam2-1645982944609.jpg"", ""cam2-1645982945691.jpg""]"
133,"2022-03-03 16:59:40.777418+00","2022-03-03 16:59:40.777445+00","2022-03-03 23:01:05.67196+00",10,182,True,NULL,NULL,True,False,"i","Shaded ground, concrete, and house numbers painted on curb were marked as trash. ",182.0,"2022-03-01 01:06:15.39431+00","2022-03-01 01:06:15.39431+00",NULL,12544.0,"2022-02-27 17:48:38.172533+00",0,2488177,"c","i",35.22185569,-97.46211713,2009.0,2.0,10,"Proactive","1403 GLENWOOD ST","No Owner Listed","cam1-1645984118168.jpg        ","[""cam1-1645984118168.jpg"", ""cam1-1645984371469.jpg"", ""cam1-1645984371687.jpg""]"
134,"2022-03-03 17:02:16.136631+00","2022-03-03 17:02:16.136659+00","2022-03-03 23:02:47.382727+00",10,190,True,NULL,NULL,True,False,"i","Duplicate.  Already rated. ",190.0,"2022-03-01 01:06:15.713799+00","2022-03-01 01:06:15.713799+00",NULL,31904.0,"2022-02-27 17:51:56.565736+00",0,2489743,"c","i",35.22274225,-97.45951565,2009.0,2.0,0,"Proactive","1207 KANSAS ST","No Owner Listed","cam2-1645984316562.jpg        ","[""cam2-1645984316562.jpg"", ""cam2-1645984318076.jpg"", ""cam2-1645984318297.jpg""]"
135,"2022-03-14 20:51:53.870466+00","2022-03-14 20:51:53.8705+00",NULL,9,98,True,NULL,NULL,NULL,False,"i","",98.0,"2022-02-21 04:05:10.155136+00","2022-02-21 04:05:10.155136+00",NULL,11411.0,"2022-02-20 17:10:01.786619+00",0,2432569,"ip","i",35.22232243,-97.45544125,2004.0,2.0,0,"Proactive","717 KANSAS ST","No Owner Listed","cam1-1645377001783.jpg        ","[""cam1-1645377001783.jpg"", ""cam1-1645377231195.jpg"", ""cam1-1645377234268.jpg"", ""cam1-1645381853527.jpg""]"
136,"2022-03-14 20:52:39.279851+00","2022-03-14 20:52:39.279886+00",NULL,9,100,True,NULL,NULL,NULL,False,"i","",100.0,"2022-02-21 04:05:10.234929+00","2022-02-21 04:05:10.234929+00",NULL,11426.0,"2022-02-20 17:11:42.669342+00",0,2433106,"ip","i",35.22207154,-97.44985529,2004.0,2.0,0,"Proactive","503 N UNIVERSITY BLVD","No Owner Listed","cam2-1645377102666.jpg        ","[""cam2-1645377102666.jpg"", ""cam2-1645377102885.jpg"", ""cam2-1645380824441.jpg"", ""cam2-1645380825782.jpg"", ""cam2-1645380838427.jpg"", ""cam2-1645380839731.jpg""]"
137,"2022-03-14 20:53:37.856249+00","2022-03-14 20:53:37.856273+00",NULL,9,102,True,NULL,NULL,NULL,False,"i","",102.0,"2022-02-21 04:05:10.316685+00","2022-02-21 04:05:10.316685+00",NULL,11481.0,"2022-02-20 18:19:47.248913+00",0,2460216,"ip","i",35.22154,-97.4532775,2004.0,2.0,10,"Proactive","404 N FLOOD AVE","No Owner Listed","cam1-1645381187245.jpg        ","[""cam1-1645381187245.jpg"", ""cam1-1645381187727.jpg"", ""cam1-1645381191097.jpg"", ""cam2-1645381449176.jpg"", ""cam2-1645381449402.jpg"", ""cam1-1645381572188.jpg"", ""cam1-1645381573297.jpg""]"
138,"2022-03-14 20:55:07.847648+00","2022-03-14 20:55:07.847675+00",NULL,9,103,True,NULL,NULL,NULL,False,"i","",103.0,"2022-02-21 04:05:10.35704+00","2022-02-21 04:05:10.35704+00",NULL,11527.0,"2022-02-20 18:18:16.275324+00",0,2459789,"ip","i",35.2209605,-97.45275796,2004.0,2.0,0,"Proactive","321 N FLOOD AVE","No Owner Listed","cam1-1645381096271.jpg        ","[""cam1-1645381096271.jpg"", ""cam1-1645381098588.jpg"", ""cam1-1645381098816.jpg"", ""cam2-1645381567003.jpg"", ""cam2-1645381567885.jpg""]"
139,"2022-03-14 20:55:43.845561+00","2022-03-14 20:55:43.845587+00",NULL,9,159,True,NULL,NULL,NULL,False,"i","",159.0,"2022-03-01 01:06:14.380015+00","2022-03-01 01:06:14.380015+00",NULL,11135.0,"2022-02-27 18:07:50.7766+00",0,2495971,"ip","i",35.22488525,-97.45334363,2004.0,2.0,10,"Proactive","604 DAKOTA ST","No Owner Listed","cam2-1645985270772.jpg        ","[""cam2-1645985270772.jpg"", ""cam2-1645985273884.jpg"", ""cam2-1645985739430.jpg"", ""cam2-1645985741396.jpg"", ""cam2-1645986365332.jpg"", ""cam2-1645986368665.jpg""]"
140,"2022-03-14 20:57:16.601078+00","2022-03-14 20:57:16.601112+00",NULL,9,160,False,NULL,NULL,NULL,False,"i","",160.0,"2022-03-01 01:06:14.422235+00","2022-03-01 01:06:14.422235+00",NULL,11152.0,"2022-02-27 18:07:07.984403+00",0,2495740,"ip","i",35.2247395,-97.4512905,2004.0,2.0,0,"Proactive","727 N LAHOMA AVE","No Owner Listed","cam2-1645985227980.jpg        ","[""cam2-1645985227980.jpg"", ""cam2-1645985231027.jpg"", ""cam2-1645985233513.jpg"", ""cam1-1645986852516.jpg"", ""cam1-1645986854748.jpg""]"
141,"2022-03-14 21:03:43.134086+00","2022-03-14 21:03:43.134148+00",NULL,9,161,True,NULL,NULL,NULL,True,"i","",161.0,"2022-03-01 01:06:14.46889+00","2022-03-01 01:06:14.46889+00",NULL,11226.0,"2022-02-27 18:01:34.006667+00",0,2493507,"ip","i",35.22385443,-97.45057925,2004.0,2.0,10,"Proactive","410 IOWA ST","No Owner Listed","cam2-1645984894003.jpg        ","[""cam2-1645984894003.jpg"", ""cam2-1645984894228.jpg"", ""cam2-1645985184428.jpg"", ""cam2-1645985185981.jpg""]"
142,"2022-03-14 21:04:33.301411+00","2022-03-14 21:04:33.301438+00",NULL,9,162,True,NULL,NULL,NULL,False,"i","",162.0,"2022-03-01 01:06:14.512352+00","2022-03-01 01:06:14.512352+00",NULL,11242.0,"2022-02-27 18:03:49.747851+00",0,2494359,"ip","i",35.22392161,-97.45692116,2004.0,2.0,10,"Proactive","840 IOWA ST","No Owner Listed","cam2-1645985029743.jpg        ","[""cam2-1645985029743.jpg"", ""cam2-1645985031417.jpg"", ""cam2-1645985033678.jpg"", ""cam2-1645985101705.jpg"", ""cam2-1645985101935.jpg""]"
143,"2022-03-16 16:37:23.216379+00","2022-03-16 16:37:23.216407+00",NULL,2,163,True,NULL,NULL,NULL,False,"i","",163.0,"2022-03-01 01:06:14.556085+00","2022-03-01 01:06:14.556085+00",NULL,11248.0,"2022-02-27 18:03:39.524221+00",0,2494302,"ip","i",35.22391895,-97.45641675,2004.0,2.0,10,"Proactive","810 IOWA ST","No Owner Listed","cam2-1645985019520.jpg        ","[""cam2-1645985019520.jpg"", ""cam2-1645985021474.jpg"", ""cam2-1645985022650.jpg"", ""cam2-1645985106475.jpg"", ""cam2-1645985106964.jpg"", ""cam1-1645986994300.jpg"", ""cam1-1645986999673.jpg"", ""cam1-1645987151298.jpg""]"
145,"2022-03-16 16:38:34.937774+00","2022-03-16 16:38:34.937812+00",NULL,2,165,True,NULL,NULL,NULL,True,"v","",165.0,"2022-03-01 01:06:14.646079+00","2022-03-01 01:06:14.646079+00",NULL,11324.0,"2022-02-27 17:58:31.739372+00",0,2492353,"ip","v",35.22293221,-97.4574268,2004.0,2.0,0,"Proactive","870 NEBRASKA ST","No Owner Listed","cam2-1645984711735.jpg        ","[""cam2-1645984711735.jpg"", ""cam2-1645984714239.jpg"", ""cam2-1645984715130.jpg"", ""cam2-1645984773322.jpg"", ""cam2-1645984774196.jpg"", ""cam2-1645984774423.jpg"", ""cam1-1645987093978.jpg"", ""cam1-1645987098301.jpg"", ""cam1-1645987098783.jpg""]"
144,"2022-03-16 16:38:07.608558+00","2022-03-16 16:38:07.608597+00","2022-03-16 22:39:46.856926+00",2,164,True,NULL,NULL,True,False,"i","",164.0,"2022-03-01 01:06:14.600545+00","2022-03-01 01:06:14.600545+00",NULL,11253.0,"2022-02-27 18:02:42.096092+00",0,2493958,"c","i",35.2238735,-97.4536645,2004.0,2.0,10,"Proactive","610 IOWA ST","No Owner Listed","cam2-1645984962092.jpg        ","[""cam2-1645984962092.jpg"", ""cam2-1645984963950.jpg"", ""cam2-1645984965814.jpg"", ""cam2-1645985132175.jpg"", ""cam2-1645985133546.jpg""]"
146,"2022-03-17 16:54:42.45395+00","2022-03-17 16:54:42.453986+00",NULL,9,166,False,NULL,NULL,NULL,False,"i","",166.0,"2022-03-01 01:06:14.69066+00","2022-03-01 01:06:14.69066+00",NULL,11348.0,"2022-02-27 17:57:21.457352+00",0,2492035,"ip","i",35.22291009,-97.45406125,2004.0,2.0,10,"Proactive","626 NEBRASKA ST","No Owner Listed","cam2-1645984641451.jpg        ","[""cam2-1645984641451.jpg"", ""cam2-1645984642845.jpg"", ""cam2-1645984806508.jpg"", ""cam2-1645984807666.jpg""]"
147,"2022-03-17 16:55:45.840513+00","2022-03-17 16:55:45.840563+00",NULL,9,167,False,NULL,NULL,NULL,False,"i","",167.0,"2022-03-01 01:06:14.736613+00","2022-03-01 01:06:14.736613+00",NULL,11481.0,"2022-02-27 18:26:36.987885+00",0,2502872,"ip","i",35.22154,-97.4532775,2004.0,2.0,10,"Proactive","404 N FLOOD AVE","No Owner Listed","cam2-1645986396984.jpg        ","[""cam2-1645986396984.jpg"", ""cam2-1645986397426.jpg"", ""cam2-1645986398084.jpg"", ""cam1-1645986492247.jpg"", ""cam1-1645986495014.jpg"", ""cam1-1645986495701.jpg""]"
148,"2022-03-17 16:57:12.993971+00","2022-03-17 16:57:12.993996+00",NULL,9,168,False,NULL,NULL,NULL,False,"i","",168.0,"2022-03-01 01:06:14.782325+00","2022-03-01 01:06:14.782325+00",NULL,11545.0,"2022-02-27 18:26:44.002217+00",0,2502919,"ip","i",35.22082,-97.452785,2004.0,2.0,0,"Proactive","317 N FLOOD AVE","No Owner Listed","cam1-1645986403998.jpg        ","[""cam1-1645986403998.jpg"", ""cam1-1645986404665.jpg"", ""cam1-1645986404887.jpg"", ""cam1-1645986664630.jpg"", ""cam1-1645986667359.jpg"", ""cam1-1645986667585.jpg""]"
149,"2022-03-17 16:57:48.679377+00","2022-03-17 16:57:48.679405+00",NULL,9,169,False,NULL,NULL,NULL,False,"i","",169.0,"2022-03-01 01:06:14.827538+00","2022-03-01 01:06:14.827538+00",NULL,11557.0,"2022-02-27 18:26:45.111983+00",0,2502928,"ip","i",35.22068942,-97.45279175,2004.0,2.0,0,"Proactive","309 N FLOOD AVE","No Owner Listed","cam1-1645986405108.jpg        ","[""cam1-1645986405108.jpg"", ""cam1-1645986406209.jpg"", ""cam1-1645986660628.jpg"", ""cam1-1645986661751.jpg"", ""cam1-1645986664403.jpg""]"
150,"2022-03-17 16:58:48.716447+00","2022-03-17 16:58:48.716489+00",NULL,9,170,True,NULL,NULL,NULL,False,"i","",170.0,"2022-03-01 01:06:14.874019+00","2022-03-01 01:06:14.874019+00",NULL,11572.0,"2022-02-27 18:20:23.571964+00",0,2500722,"ip","i",35.22055224,-97.4526431,2004.0,2.0,0,"Proactive","307 N FLOOD AVE","No Owner Listed","cam2-1645986023567.jpg        ","[""cam2-1645986023567.jpg"", ""cam1-1645986406427.jpg"", ""cam1-1645986407323.jpg"", ""cam2-1645986607013.jpg"", ""cam2-1645986607679.jpg"", ""cam2-1645986607905.jpg"", ""cam2-1645986608130.jpg"", ""cam1-1645986657685.jpg"", ""cam1-1645986659284.jpg"", ""cam1-1645986660404.jpg""]"
151,"2022-03-17 16:59:35.428726+00","2022-03-17 16:59:35.428757+00",NULL,9,171,True,NULL,NULL,NULL,False,"i","",171.0,"2022-03-01 01:06:14.91902+00","2022-03-01 01:06:14.91902+00",NULL,11586.0,"2022-02-27 18:20:25.385177+00",0,2500730,"ip","i",35.22042819,-97.45277237,2004.0,2.0,10,"Proactive","301 N FLOOD AVE","No Owner Listed","cam2-1645986025381.jpg        ","[""cam2-1645986025381.jpg"", ""cam2-1645986026052.jpg"", ""cam2-1645986029694.jpg"", ""cam1-1645986407957.jpg"", ""cam1-1645986408651.jpg"", ""cam1-1645986654778.jpg"", ""cam1-1645986655421.jpg"", ""cam1-1645986657445.jpg""]"
152,"2022-03-17 17:00:26.085446+00","2022-03-17 17:00:26.085473+00",NULL,9,186,True,NULL,NULL,NULL,False,"i","",186.0,"2022-03-01 01:06:15.555798+00","2022-03-01 01:06:15.555798+00",NULL,31602.0,"2022-02-27 18:09:25.120509+00",0,2496571,"ip","i",35.22489897,-97.45791532,2004.0,2.0,10,"Proactive","910 DAKOTA ST","No Owner Listed","cam2-1645985365117.jpg        ","[""cam2-1645985365117.jpg"", ""cam2-1645985365344.jpg"", ""cam2-1645985368879.jpg"", ""cam2-1645985691284.jpg"", ""cam2-1645985692589.jpg"", ""cam2-1645987063669.jpg"", ""cam2-1645987065787.jpg""]"
153,"2022-03-17 17:01:25.306037+00","2022-03-17 17:01:25.306072+00",NULL,9,187,True,NULL,NULL,NULL,False,"i","",187.0,"2022-03-01 01:06:15.594871+00","2022-03-01 01:06:15.594871+00",NULL,31603.0,"2022-02-27 18:09:21.00453+00",0,2496539,"ip","i",35.22490675,-97.4577634,2004.0,2.0,10,"Proactive","900 DAKOTA ST","No Owner Listed","cam2-1645985360998.jpg        ","[""cam2-1645985360998.jpg"", ""cam2-1645985361251.jpg"", ""cam2-1645985364889.jpg"", ""cam2-1645985692807.jpg"", ""cam2-1645985693024.jpg"", ""cam2-1645985694132.jpg"", ""cam2-1645987060798.jpg"", ""cam2-1645987061018.jpg"", ""cam2-1645987063426.jpg""]"
154,"2022-03-17 17:02:37.606875+00","2022-03-17 17:02:37.606901+00",NULL,9,240,True,NULL,NULL,NULL,False,"i","",240.0,"2022-03-04 12:15:12.9476+00","2022-03-04 12:15:12.9476+00",NULL,31034.0,"2022-02-27 18:57:42.813448+00",0,2514886,"ip","i",35.23045918,-97.45819085,2004.0,1.0,0,"Health                                            ","1334 REGENT ST","No Owner Listed","cam2-1645988262809.jpg        ","[""cam2-1645988262809.jpg"", ""cam2-1645988262809.jpg"", ""cam2-1645988263030.jpg"", ""cam2-1645988263030.jpg"", ""cam2-1645988263909.jpg"", ""cam2-1645988263909.jpg"", ""cam2-1645988264552.jpg"", ""cam2-1645988264552.jpg""]"
155,"2022-03-17 17:03:59.893547+00","2022-03-17 17:03:59.893571+00",NULL,9,188,True,NULL,NULL,NULL,False,"i","",188.0,"2022-03-01 01:06:15.634097+00","2022-03-01 01:06:15.634097+00",NULL,31886.0,"2022-02-27 17:59:01.472266+00",0,2492565,"ip","i",35.22292125,-97.45860092,2004.0,2.0,10,"Proactive","950 NEBRASKA ST","No Owner Listed","cam2-1645984741468.jpg        ","[""cam2-1645984741468.jpg"", ""cam2-1645984742626.jpg"", ""cam2-1645984745466.jpg"", ""cam2-1645984762339.jpg"", ""cam2-1645984762996.jpg"", ""cam2-1645984763651.jpg""]"
156,"2022-03-17 17:05:17.439766+00","2022-03-17 17:05:17.439792+00",NULL,9,189,True,NULL,NULL,NULL,False,"i","",189.0,"2022-03-01 01:06:15.674864+00","2022-03-01 01:06:15.674864+00",NULL,31890.0,"2022-02-27 17:58:44.115662+00",0,2492418,"ip","i",35.2229265,-97.4579415,2004.0,2.0,0,"Proactive","910 NEBRASKA ST","No Owner Listed","cam2-1645984724112.jpg        ","[""cam2-1645984724112.jpg"", ""cam2-1645984727722.jpg"", ""cam2-1645984728850.jpg"", ""cam2-1645984768510.jpg"", ""cam2-1645984769603.jpg"", ""cam2-1645987093978.jpg"", ""cam2-1645987094218.jpg""]"
157,"2022-03-17 17:06:41.604548+00","2022-03-17 17:06:41.604575+00",NULL,9,224,True,NULL,NULL,NULL,False,"i","",224.0,"2022-03-01 12:15:12.15609+00","2022-03-01 12:15:12.15609+00",NULL,11390.0,"2022-02-27 17:55:10.507253+00",0,2491028,"ip","i",35.222319,-97.4522265,2004.0,2.0,0,"Impr Trash Disp.                                  ","507 KANSAS ST","No Owner Listed","cam1-1645984510504.jpg        ","[""cam1-1645984510504.jpg"", ""cam1-1645984587109.jpg"", ""cam1-1645984589835.jpg"", ""cam1-1645986723478.jpg"", ""cam2-1645986895804.jpg"", ""cam2-1645986896922.jpg""]"
158,"2022-03-17 17:08:35.997364+00","2022-03-17 17:08:35.997391+00",NULL,9,238,True,NULL,NULL,NULL,True,"i","",238.0,"2022-03-03 12:15:18.892279+00","2022-03-03 12:15:18.892279+00",NULL,10716.0,"2022-02-27 18:43:01.946471+00",0,2509097,"ip","i",35.22946147,-97.45296474,2004.0,1.0,10,"Inoperable Vehicle                                ","428 W JOHNSON ST","No Owner Listed","cam1-1645987381942.jpg        ","[""cam1-1645987381942.jpg"", ""cam1-1645987382375.jpg"", ""cam1-1645987386157.jpg"", ""cam1-1645987627384.jpg"", ""cam1-1645987627608.jpg"", ""cam1-1645987629632.jpg""]"
159,"2022-03-17 17:09:23.023746+00","2022-03-17 17:09:23.023772+00",NULL,9,237,True,NULL,NULL,NULL,False,"i","",237.0,"2022-03-03 12:15:18.854289+00","2022-03-03 12:15:18.854289+00",NULL,10713.0,"2022-02-27 18:42:58.145693+00",0,2509060,"ip","i",35.2294795,-97.452485,2004.0,1.0,0,"Inoperable Vehicle                                ","420 W JOHNSON ST","No Owner Listed","cam1-1645987378141.jpg        ","[""cam1-1645987378141.jpg"", ""cam1-1645987379954.jpg""]"
160,"2022-03-17 17:10:21.11119+00","2022-03-17 17:10:21.111226+00",NULL,9,236,True,NULL,NULL,NULL,False,"i","",236.0,"2022-03-03 12:15:18.816232+00","2022-03-03 12:15:18.816232+00",NULL,11030.0,"2022-02-27 18:25:58.922565+00",0,2502615,"ip","i",35.22578166,-97.45258278,2004.0,1.0,0,"Inoperable Vehicle                                ","901 N FLOOD AVE","No Owner Listed","cam1-1645986358917.jpg        ","[""cam1-1645986358917.jpg"", ""cam1-1645987235658.jpg"", ""cam1-1645987658477.jpg"", ""cam1-1645987659345.jpg"", ""cam1-1645987660497.jpg""]"
161,"2022-03-17 17:24:40.019139+00","2022-03-17 17:24:40.019166+00",NULL,9,225,True,NULL,NULL,NULL,False,"i","",225.0,"2022-03-01 12:15:12.19777+00","2022-03-01 12:15:12.19777+00",NULL,11388.0,"2022-02-27 17:55:12.111335+00",0,2491041,"ip","i",35.22231656,-97.45206925,2004.0,2.0,0,"Impr Trash Disp.                                  ","505 KANSAS ST","No Owner Listed","cam1-1645984512107.jpg        ","[""cam1-1645984512107.jpg"", ""cam1-1645984584377.jpg"", ""cam1-1645984586193.jpg"", ""cam1-1645984586884.jpg"", ""cam1-1645986724575.jpg"", ""cam1-1645986725231.jpg"", ""cam2-1645986894642.jpg"", ""cam2-1645986895580.jpg""]"
162,"2022-03-17 17:28:48.403258+00","2022-03-17 17:28:48.403297+00",NULL,9,233,True,NULL,NULL,NULL,True,"v","",233.0,"2022-03-02 12:15:12.489051+00","2022-03-02 12:15:12.489051+00",NULL,11134.0,"2022-02-27 18:07:47.673307+00",0,2495957,"ip","v",35.22488107,-97.45317875,2004.0,2.0,0,"Easmnt Obstr/Site Tri                             ","602 DAKOTA ST","No Owner Listed","cam2-1645985267669.jpg        ","[""cam2-1645985267669.jpg"", ""cam2-1645985268350.jpg"", ""cam2-1645985270543.jpg"", ""cam2-1645985741613.jpg"", ""cam2-1645985745811.jpg""]"
163,"2022-03-17 17:29:35.449447+00","2022-03-17 17:29:35.449473+00",NULL,9,232,True,NULL,NULL,NULL,True,"v","",232.0,"2022-03-01 12:15:12.465066+00","2022-03-01 12:15:12.465066+00",NULL,10752.0,"2022-02-27 18:55:43.195946+00",0,2513970,"ip","v",35.22902971,-97.45541612,2004.0,1.0,0,"Off Street Parking                                ","711 N HIGHLAND PKWY","No Owner Listed","cam1-1645988143192.jpg        ","[""cam1-1645988143192.jpg"", ""cam1-1645988144268.jpg"", ""cam1-1645988145384.jpg""]"
164,"2022-03-17 17:30:17.150088+00","2022-03-17 17:30:17.150118+00",NULL,9,226,True,NULL,NULL,NULL,False,"i","",226.0,"2022-03-01 12:15:12.235734+00","2022-03-01 12:15:12.235734+00",NULL,11385.0,"2022-02-27 17:55:13.405072+00",0,2491049,"ip","i",35.2223095,-97.451902,2004.0,2.0,0,"Impr Trash Disp.                                  ","503 KANSAS ST","No Owner Listed","cam1-1645984513401.jpg        ","[""cam1-1645984513401.jpg"", ""cam1-1645984581573.jpg"", ""cam1-1645984584149.jpg"", ""cam1-1645986725452.jpg"", ""cam1-1645986726773.jpg"", ""cam2-1645986884288.jpg"", ""cam2-1645986885388.jpg"", ""cam2-1645986890013.jpg"", ""cam2-1645986893087.jpg"", ""cam2-1645986894418.jpg""]"
165,"2022-03-21 04:22:01.219818+00","2022-03-21 04:22:01.219851+00",NULL,2,227,True,NULL,NULL,NULL,False,"i","",227.0,"2022-03-01 12:15:12.273774+00","2022-03-01 12:15:12.273774+00",NULL,11382.0,"2022-02-27 17:55:14.942491+00",0,2491064,"ip","i",35.2223165,-97.451735,2004.0,2.0,0,"Impr Trash Disp.                                  ","501 KANSAS ST","No Owner Listed","cam1-1645984514938.jpg        ","[""cam1-1645984514938.jpg"", ""cam1-1645984578606.jpg"", ""cam1-1645984581341.jpg"", ""cam1-1645986728780.jpg"", ""cam2-1645986890228.jpg"", ""cam2-1645986890660.jpg"", ""cam2-1645986890875.jpg"", ""cam2-1645986892863.jpg""]"
166,"2022-03-21 04:23:06.676036+00","2022-03-21 04:23:06.676073+00",NULL,2,228,False,NULL,NULL,NULL,True,"v","",228.0,"2022-03-01 12:15:12.311909+00","2022-03-01 12:15:12.311909+00",NULL,11122.0,"2022-02-27 18:08:48.849094+00",0,2496348,"ip","v",35.22491326,-97.45624664,2004.0,2.0,0,"Impr Trash Disp.                                  ","800 DAKOTA ST","No Owner Listed","cam2-1645985328845.jpg        ","[""cam2-1645985328845.jpg"", ""cam2-1645985332099.jpg"", ""cam2-1645985332323.jpg"", ""cam2-1645985709059.jpg"", ""cam2-1645985709496.jpg"", ""cam1-1645987043741.jpg"", ""cam1-1645987045707.jpg""]"
